[
  {
    "id": 1,
    "name": "Cool T-Shirt",
    "price": 500,
    "image": "/public/images/t-shirt.jpg"
  },
  {
    "id": 2,
    "name": "Stylish Jeans",
    "price": 1200,
    "image": "/public/images/jeans.jpg"
  },
  {
    "id": 3,
    "name": "Comfy Shoes",
    "price": 2500,
    "image": "/public/images/shoes.jpg"
  },
  {
    "id": 4,
    "name": "Elegant Dress",
    "price": 3000,
    "image": "/public/images/dress.jpg"
  },
  {
    "id": 5,
    "name": "Classic Hoodie",
    "price": 800,
    "image": "/public/images/hoodie.jpg"
  },
  
  {
    "id": 7,
    "name": "Leather Wallet",
    "price": 600,
    "image": "/public/images/wallet.jpg"
  },

  {
    "id": 10,
    "name": "Denim Jacket",
    "price": 1500,
    "image": "/public/images/jacket.jpg"
  },
  {
    "id": 11,
    "name": "Formal Shirt",
    "price": 700,
    "image": "/public/images/shirt.jpg"
  },
  {
    "id": 12,
    "name": "Casual Sneakers",
    "price": 2200,
    "image": "/public/images/sneakers.jpg"
  },
  {
    "id": 13,
    "name": "Leather Belt",
    "price": 350,
    "image": "/public/images/belt.jpg"
  },
  

    
  {
    "id": 17,
    "name": "Men's Watch",
    "price": 2500,
     "image": "/public/images/mens watch.jpg"
     
  },
  {
    "id": 18,
    "name": "Women's Purse",
    "price": 1300,
     "image": "/public/images/women-purse.jpg"
    
  },
  {
    "id": 19,
    "name": "Track Pants",
    "price": 750,
     "image": "/public/images/track-pants.jpg"
    
  },
  {
    "id": 20,
    "name": "Rain Jacket",
    "price": 1600,
     "image": "/public/images/rain-jacket.jpg"
    
  },
  {
    "id": 21,
    "name": "Backpack",
    "price": 1400,
     "image": "/public/images/backpack.jpg"
    
  },
  {
    "id": 22,
    "name": "Gym Bag",
    "price": 650,
     "image": "/public/images/gym-bag.jpg"
  }
]
